{
"patient1":
[
 {
   "Time": 1552003200000,
   "mmol1": 8.32612,
   "Glucose-day-1": 149.87016,
   "mmol2": 14.0989,
   "Glucose-day-2": 253.7802,
   "mmol3": 4.71814,
   "Glucose-day-3": 84.92652,
   "Min": 84.92652,
   "MAX": 253.7802,
   "SD": 69.54338217
 },
 {
   "Time": 1552003800000,
   "mmol1": 7.88206,
   "Glucose-day-1": 141.87708,
   "mmol2": 13.82136,
   "Glucose-day-2": 248.78448,
   "mmol3": 4.66263,
   "Glucose-day-3": 83.92734,
   "Min": 83.92734,
   "MAX": 248.78448,
   "SD": 68.28473162
 },
 {
   "Time": 1552004400000,
   "mmol1": 7.438,
   "Glucose-day-1": 133.884,
   "mmol2": 13.82136,
   "Glucose-day-2": 248.78448,
   "mmol3": 4.82915,
   "Glucose-day-3": 86.9247,
   "Min": 86.9247,
   "MAX": 248.78448,
   "SD": 67.99173523
 },
 {
   "Time": 1552005000000,
   "mmol1": 7.21597,
   "Glucose-day-1": 129.88746,
   "mmol2": 13.82136,
   "Glucose-day-2": 248.78448,
   "mmol3": 4.94017,
   "Glucose-day-3": 88.92306,
   "Min": 88.92306,
   "MAX": 248.78448,
   "SD": 67.79893234
 },
 {
   "Time": 1552005600000,
   "mmol1": 6.93843,
   "Glucose-day-1": 124.89174,
   "mmol2": 13.82136,
   "Glucose-day-2": 248.78448,
   "mmol3": 4.99567,
   "Glucose-day-3": 89.92206,
   "Min": 89.92206,
   "MAX": 248.78448,
   "SD": 68.1579522
 },
 {
   "Time": 1552006200000,
   "mmol1": 6.71641,
   "Glucose-day-1": 120.89538,
   "mmol2": 13.65484,
   "Glucose-day-2": 245.78712,
   "mmol3": 4.99567,
   "Glucose-day-3": 89.92206,
   "Min": 89.92206,
   "MAX": 245.78712,
   "SD": 67.37227438
 },
 {
   "Time": 1552006800000,
   "mmol1": 6.49438,
   "Glucose-day-1": 116.89884,
   "mmol2": 13.15527,
   "Glucose-day-2": 236.79486,
   "mmol3": 4.99567,
   "Glucose-day-3": 89.92206,
   "Min": 89.92206,
   "MAX": 236.79486,
   "SD": 63.83522334
 },
 {
   "Time": 1552007400000,
   "mmol1": 6.27235,
   "Glucose-day-1": 112.9023,
   "mmol2": 11.93411,
   "Glucose-day-2": 214.81398,
   "mmol3": 4.99567,
   "Glucose-day-3": 89.92206,
   "Min": 89.92206,
   "MAX": 214.81398,
   "SD": 54.2750952
 },
 {
   "Time": 1552008000000,
   "mmol1": 6.16133,
   "Glucose-day-1": 110.90394,
   "mmol2": 12.10063,
   "Glucose-day-2": 217.81134,
   "mmol3": 5.05118,
   "Glucose-day-3": 90.92124,
   "Min": 90.92124,
   "MAX": 217.81134,
   "SD": 55.70716885
 },
 {
   "Time": 1552008600000,
   "mmol1": 6.10582,
   "Glucose-day-1": 109.90476,
   "mmol2": 12.26715,
   "Glucose-day-2": 220.8087,
   "mmol3": 5.05118,
   "Glucose-day-3": 90.92124,
   "Min": 90.92124,
   "MAX": 220.8087,
   "SD": 57.28176965
 },
 {
   "Time": 1552009200000,
   "mmol1": 5.9393,
   "Glucose-day-1": 106.9074,
   "mmol2": 12.71121,
   "Glucose-day-2": 228.80178,
   "mmol3": 5.10669,
   "Glucose-day-3": 91.92042,
   "Min": 91.92042,
   "MAX": 228.80178,
   "SD": 61.30013246
 },
 {
   "Time": 1552009800000,
   "mmol1": 6.21684,
   "Glucose-day-1": 111.90312,
   "mmol2": 13.09977,
   "Glucose-day-2": 235.79586,
   "mmol3": 5.2177,
   "Glucose-day-3": 93.9186,
   "Min": 93.9186,
   "MAX": 235.79586,
   "SD": 63.07139772
 },
 {
   "Time": 1552010400000,
   "mmol1": 6.60539,
   "Glucose-day-1": 118.89702,
   "mmol2": 13.09977,
   "Glucose-day-2": 235.79586,
   "mmol3": 5.32872,
   "Glucose-day-3": 95.91696,
   "Min": 95.91696,
   "MAX": 235.79586,
   "SD": 61.2458875
 },
 {
   "Time": 1552011000000,
   "mmol1": 6.77191,
   "Glucose-day-1": 121.89438,
   "mmol2": 12.93324,
   "Glucose-day-2": 232.79832,
   "mmol3": 5.32872,
   "Glucose-day-3": 95.91696,
   "Min": 95.91696,
   "MAX": 232.79832,
   "SD": 59.35862473
 },
 {
   "Time": 1552011600000,
   "mmol1": 6.88293,
   "Glucose-day-1": 123.89274,
   "mmol2": 12.65571,
   "Glucose-day-2": 227.80278,
   "mmol3": 5.05118,
   "Glucose-day-3": 90.92124,
   "Min": 90.92124,
   "MAX": 227.80278,
   "SD": 58.32949722
 },
 {
   "Time": 1552012200000,
   "mmol1": 6.77191,
   "Glucose-day-1": 121.89438,
   "mmol2": 12.26715,
   "Glucose-day-2": 220.8087,
   "mmol3": 4.88466,
   "Glucose-day-3": 87.92388,
   "Min": 87.92388,
   "MAX": 220.8087,
   "SD": 56.36824654
 },
 {
   "Time": 1552012800000,
   "mmol1": 6.60539,
   "Glucose-day-1": 118.89702,
   "mmol2": 11.82309,
   "Glucose-day-2": 212.81562,
   "mmol3": 4.82915,
   "Glucose-day-3": 86.9247,
   "Min": 86.9247,
   "MAX": 212.81562,
   "SD": 53.42851549
 },
 {
   "Time": 1552013400000,
   "mmol1": 6.43887,
   "Glucose-day-1": 115.89966,
   "mmol2": 11.65657,
   "Glucose-day-2": 209.81826,
   "mmol3": 4.82915,
   "Glucose-day-3": 86.9247,
   "Min": 86.9247,
   "MAX": 209.81826,
   "SD": 52.45429632
 },
 {
   "Time": 1552014000000,
   "mmol1": 6.05032,
   "Glucose-day-1": 108.90576,
   "mmol2": 11.71208,
   "Glucose-day-2": 210.81744,
   "mmol3": 4.99567,
   "Glucose-day-3": 89.92206,
   "Min": 89.92206,
   "MAX": 210.81744,
   "SD": 53.08490504
 },
 {
   "Time": 1552014600000,
   "mmol1": 5.60626,
   "Glucose-day-1": 100.91268,
   "mmol2": 11.54556,
   "Glucose-day-2": 207.82008,
   "mmol3": 5.2177,
   "Glucose-day-3": 93.9186,
   "Min": 93.9186,
   "MAX": 207.82008,
   "SD": 52.12341815
 },
 {
   "Time": 1552015200000,
   "mmol1": 5.2177,
   "Glucose-day-1": 93.9186,
   "mmol2": 11.60106,
   "Glucose-day-2": 208.81908,
   "mmol3": 5.49524,
   "Glucose-day-3": 98.91432,
   "Min": 93.9186,
   "MAX": 208.81908,
   "SD": 53.02633915
 },
 {
   "Time": 1552015800000,
   "mmol1": 5.2177,
   "Glucose-day-1": 93.9186,
   "mmol2": 11.60106,
   "Glucose-day-2": 208.81908,
   "mmol3": 5.66176,
   "Glucose-day-3": 101.91168,
   "Min": 93.9186,
   "MAX": 208.81908,
   "SD": 52.38235688
 },
 {
   "Time": 1552016400000,
   "mmol1": 5.38423,
   "Glucose-day-1": 96.91614,
   "mmol2": 11.54556,
   "Glucose-day-2": 207.82008,
   "mmol3": 5.77278,
   "Glucose-day-3": 103.91004,
   "Min": 96.91614,
   "MAX": 207.82008,
   "SD": 50.71258331
 },
 {
   "Time": 1552017000000,
   "mmol1": 5.55075,
   "Glucose-day-1": 99.9135,
   "mmol2": 11.76759,
   "Glucose-day-2": 211.81662,
   "mmol3": 5.88379,
   "Glucose-day-3": 105.90822,
   "Min": 99.9135,
   "MAX": 211.81662,
   "SD": 51.39696719
 },
 {
   "Time": 1552017600000,
   "mmol1": 5.71727,
   "Glucose-day-1": 102.91086,
   "mmol2": 12.04512,
   "Glucose-day-2": 216.81216,
   "mmol3": 6.05032,
   "Glucose-day-3": 108.90576,
   "Min": 102.91086,
   "MAX": 216.81216,
   "SD": 52.33783009
 },
 {
   "Time": 1552018200000,
   "mmol1": 5.82829,
   "Glucose-day-1": 104.90922,
   "mmol2": 12.65571,
   "Glucose-day-2": 227.80278,
   "mmol3": 6.05032,
   "Glucose-day-3": 108.90576,
   "Min": 104.90922,
   "MAX": 227.80278,
   "SD": 57.01393668
 },
 {
   "Time": 1552018800000,
   "mmol1": 5.9393,
   "Glucose-day-1": 106.9074,
   "mmol2": 12.54469,
   "Glucose-day-2": 225.80442,
   "mmol3": 6.21684,
   "Glucose-day-3": 111.90312,
   "Min": 106.9074,
   "MAX": 225.80442,
   "SD": 54.90897996
 },
 {
   "Time": 1552019400000,
   "mmol1": 5.9393,
   "Glucose-day-1": 106.9074,
   "mmol2": 12.21165,
   "Glucose-day-2": 219.8097,
   "mmol3": 6.43887,
   "Glucose-day-3": 115.89966,
   "Min": 106.9074,
   "MAX": 219.8097,
   "SD": 51.23484762
 },
 {
   "Time": 1552020000000,
   "mmol1": 5.99481,
   "Glucose-day-1": 107.90658,
   "mmol2": 11.8786,
   "Glucose-day-2": 213.8148,
   "mmol3": 6.6609,
   "Glucose-day-3": 119.8962,
   "Min": 107.90658,
   "MAX": 213.8148,
   "SD": 47.35328861
 },
 {
   "Time": 1552020600000,
   "mmol1": 6.10582,
   "Glucose-day-1": 109.90476,
   "mmol2": 11.32353,
   "Glucose-day-2": 203.82354,
   "mmol3": 6.77191,
   "Glucose-day-3": 121.89438,
   "Min": 109.90476,
   "MAX": 203.82354,
   "SD": 41.73577666
 },
 {
   "Time": 1552021200000,
   "mmol1": 6.54988,
   "Glucose-day-1": 117.89784,
   "mmol2": 11.04599,
   "Glucose-day-2": 198.82782,
   "mmol3": 6.77191,
   "Glucose-day-3": 121.89438,
   "Min": 117.89784,
   "MAX": 198.82782,
   "SD": 37.24451963
 },
 {
   "Time": 1552021800000,
   "mmol1": 6.77191,
   "Glucose-day-1": 121.89438,
   "mmol2": 11.157,
   "Glucose-day-2": 200.826,
   "mmol3": 7.04945,
   "Glucose-day-3": 126.8901,
   "Min": 121.89438,
   "MAX": 200.826,
   "SD": 36.08889513
 },
 {
   "Time": 1552022400000,
   "mmol1": 6.82742,
   "Glucose-day-1": 122.89356,
   "mmol2": 11.43454,
   "Glucose-day-2": 205.82172,
   "mmol3": 8.1596,
   "Glucose-day-3": 146.8728,
   "Min": 122.89356,
   "MAX": 205.82172,
   "SD": 34.84419104
 },
 {
   "Time": 1552023000000,
   "mmol1": 6.49438,
   "Glucose-day-1": 116.89884,
   "mmol2": 11.8786,
   "Glucose-day-2": 213.8148,
   "mmol3": 8.54815,
   "Glucose-day-3": 153.8667,
   "Min": 116.89884,
   "MAX": 213.8148,
   "SD": 39.93480892
 },
 {
   "Time": 1552023600000,
   "mmol1": 6.16133,
   "Glucose-day-1": 110.90394,
   "mmol2": 12.32266,
   "Glucose-day-2": 221.80788,
   "mmol3": 8.82569,
   "Glucose-day-3": 158.86242,
   "Min": 110.90394,
   "MAX": 221.80788,
   "SD": 45.41393649
 },
 {
   "Time": 1552024200000,
   "mmol1": 5.9393,
   "Glucose-day-1": 106.9074,
   "mmol2": 12.54469,
   "Glucose-day-2": 225.80442,
   "mmol3": 8.99221,
   "Glucose-day-3": 161.85978,
   "Min": 106.9074,
   "MAX": 225.80442,
   "SD": 48.58575742
 },
 {
   "Time": 1552024800000,
   "mmol1": 5.82829,
   "Glucose-day-1": 104.90922,
   "mmol2": 12.65571,
   "Glucose-day-2": 227.80278,
   "mmol3": 7.93757,
   "Glucose-day-3": 142.87626,
   "Min": 104.90922,
   "MAX": 227.80278,
   "SD": 51.37751023
 },
 {
   "Time": 1552025400000,
   "mmol1": 5.88379,
   "Glucose-day-1": 105.90822,
   "mmol2": 12.43368,
   "Glucose-day-2": 223.80624,
   "mmol3": 7.77105,
   "Glucose-day-3": 139.8789,
   "Min": 105.90822,
   "MAX": 223.80624,
   "SD": 49.55103836
 },
 {
   "Time": 1552026000000,
   "mmol1": 5.88379,
   "Glucose-day-1": 105.90822,
   "mmol2": 11.98962,
   "Glucose-day-2": 215.81316,
   "mmol3": 7.32699,
   "Glucose-day-3": 131.88582,
   "Min": 105.90822,
   "MAX": 215.81316,
   "SD": 46.90146875
 },
 {
   "Time": 1552026600000,
   "mmol1": 5.99481,
   "Glucose-day-1": 107.90658,
   "mmol2": 11.21251,
   "Glucose-day-2": 201.82518,
   "mmol3": 7.38249,
   "Glucose-day-3": 132.88482,
   "Min": 107.90658,
   "MAX": 201.82518,
   "SD": 39.71759914
 },
 {
   "Time": 1552027200000,
   "mmol1": 6.10582,
   "Glucose-day-1": 109.90476,
   "mmol2": 10.93497,
   "Glucose-day-2": 196.82946,
   "mmol3": 7.60452,
   "Glucose-day-3": 136.88136,
   "Min": 109.90476,
   "MAX": 196.82946,
   "SD": 36.32785144
 },
 {
   "Time": 1552027800000,
   "mmol1": 6.21684,
   "Glucose-day-1": 111.90312,
   "mmol2": 11.1015,
   "Glucose-day-2": 199.827,
   "mmol3": 7.88206,
   "Glucose-day-3": 141.87708,
   "Min": 111.90312,
   "MAX": 199.827,
   "SD": 36.49541856
 },
 {
   "Time": 1552028400000,
   "mmol1": 6.27235,
   "Glucose-day-1": 112.9023,
   "mmol2": 11.43454,
   "Glucose-day-2": 205.82172,
   "mmol3": 7.88206,
   "Glucose-day-3": 141.87708,
   "Min": 112.9023,
   "MAX": 205.82172,
   "SD": 38.81934437
 },
 {
   "Time": 1552029000000,
   "mmol1": 6.38336,
   "Glucose-day-1": 114.90048,
   "mmol2": 11.82309,
   "Glucose-day-2": 212.81562,
   "mmol3": 7.438,
   "Glucose-day-3": 133.884,
   "Min": 114.90048,
   "MAX": 212.81562,
   "SD": 42.39752261
 },
 {
   "Time": 1552029600000,
   "mmol1": 6.60539,
   "Glucose-day-1": 118.89702,
   "mmol2": 12.32266,
   "Glucose-day-2": 221.80788,
   "mmol3": 6.71641,
   "Glucose-day-3": 120.89538,
   "Min": 118.89702,
   "MAX": 221.80788,
   "SD": 48.04855323
 },
 {
   "Time": 1552030200000,
   "mmol1": 6.82742,
   "Glucose-day-1": 122.89356,
   "mmol2": 12.37817,
   "Glucose-day-2": 222.80706,
   "mmol3": 6.77191,
   "Glucose-day-3": 121.89438,
   "Min": 121.89438,
   "MAX": 222.80706,
   "SD": 47.33694215
 },
 {
   "Time": 1552030800000,
   "mmol1": 7.10496,
   "Glucose-day-1": 127.88928,
   "mmol2": 12.48918,
   "Glucose-day-2": 224.80524,
   "mmol3": 7.16046,
   "Glucose-day-3": 128.88828,
   "Min": 127.88928,
   "MAX": 224.80524,
   "SD": 45.45298489
 },
 {
   "Time": 1552031400000,
   "mmol1": 7.38249,
   "Glucose-day-1": 132.88482,
   "mmol2": 12.6002,
   "Glucose-day-2": 226.8036,
   "mmol3": 7.54902,
   "Glucose-day-3": 135.88236,
   "Min": 132.88482,
   "MAX": 226.8036,
   "SD": 43.5843937
 },
 {
   "Time": 1552032000000,
   "mmol1": 7.77105,
   "Glucose-day-1": 139.8789,
   "mmol2": 12.43368,
   "Glucose-day-2": 223.80624,
   "mmol3": 7.82655,
   "Glucose-day-3": 140.8779,
   "Min": 139.8789,
   "MAX": 223.80624,
   "SD": 39.33037556
 },
 {
   "Time": 1552032600000,
   "mmol1": 8.04858,
   "Glucose-day-1": 144.87444,
   "mmol2": 12.21165,
   "Glucose-day-2": 219.8097,
   "mmol3": 7.77105,
   "Glucose-day-3": 139.8789,
   "Min": 139.8789,
   "MAX": 219.8097,
   "SD": 36.55920829
 },
 {
   "Time": 1552033200000,
   "mmol1": 7.88206,
   "Glucose-day-1": 141.87708,
   "mmol2": 11.65657,
   "Glucose-day-2": 209.81826,
   "mmol3": 7.77105,
   "Glucose-day-3": 139.8789,
   "Min": 139.8789,
   "MAX": 209.81826,
   "SD": 32.50899147
 },
 {
   "Time": 1552033800000,
   "mmol1": 7.77105,
   "Glucose-day-1": 139.8789,
   "mmol2": 10.3799,
   "Glucose-day-2": 186.8382,
   "mmol3": 8.04858,
   "Glucose-day-3": 144.87444,
   "Min": 139.8789,
   "MAX": 186.8382,
   "SD": 21.05835392
 },
 {
   "Time": 1552034400000,
   "mmol1": 7.60452,
   "Glucose-day-1": 136.88136,
   "mmol2": 9.99135,
   "Glucose-day-2": 179.8443,
   "mmol3": 8.82569,
   "Glucose-day-3": 158.86242,
   "Min": 136.88136,
   "MAX": 179.8443,
   "SD": 17.54112786
 },
 {
   "Time": 1552035000000,
   "mmol1": 7.32699,
   "Glucose-day-1": 131.88582,
   "mmol2": 9.76932,
   "Glucose-day-2": 175.84776,
   "mmol3": 9.6583,
   "Glucose-day-3": 173.8494,
   "Min": 131.88582,
   "MAX": 175.84776,
   "SD": 20.26926425
 },
 {
   "Time": 1552035600000,
   "mmol1": 6.99394,
   "Glucose-day-1": 125.89092,
   "mmol2": 9.6583,
   "Glucose-day-2": 173.8494,
   "mmol3": 10.21338,
   "Glucose-day-3": 183.84084,
   "Min": 125.89092,
   "MAX": 183.84084,
   "SD": 25.2939121
 },
 {
   "Time": 1552036200000,
   "mmol1": 6.6609,
   "Glucose-day-1": 119.8962,
   "mmol2": 9.71381,
   "Glucose-day-2": 174.84858,
   "mmol3": 10.3799,
   "Glucose-day-3": 186.8382,
   "Min": 119.8962,
   "MAX": 186.8382,
   "SD": 29.14474685
 },
 {
   "Time": 1552036800000,
   "mmol1": 6.38336,
   "Glucose-day-1": 114.90048,
   "mmol2": 9.32526,
   "Glucose-day-2": 167.85468,
   "mmol3": 10.49091,
   "Glucose-day-3": 188.83638,
   "Min": 114.90048,
   "MAX": 188.83638,
   "SD": 31.11072759
 },
 {
   "Time": 1552037400000,
   "mmol1": 6.27235,
   "Glucose-day-1": 112.9023,
   "mmol2": 8.77018,
   "Glucose-day-2": 157.86324,
   "mmol3": 10.43541,
   "Glucose-day-3": 187.83738,
   "Min": 112.9023,
   "MAX": 187.83738,
   "SD": 30.79538459
 },
 {
   "Time": 1552038000000,
   "mmol1": 6.16133,
   "Glucose-day-1": 110.90394,
   "mmol2": 8.54815,
   "Glucose-day-2": 153.8667,
   "mmol3": 10.15787,
   "Glucose-day-3": 182.84166,
   "Min": 110.90394,
   "MAX": 182.84166,
   "SD": 29.55293295
 },
 {
   "Time": 1552038600000,
   "mmol1": 6.05032,
   "Glucose-day-1": 108.90576,
   "mmol2": 8.43714,
   "Glucose-day-2": 151.86852,
   "mmol3": 9.93584,
   "Glucose-day-3": 178.84512,
   "Min": 108.90576,
   "MAX": 178.84512,
   "SD": 28.80017317
 },
 {
   "Time": 1552039200000,
   "mmol1": 6.05032,
   "Glucose-day-1": 108.90576,
   "mmol2": 8.38163,
   "Glucose-day-2": 150.86934,
   "mmol3": 9.82482,
   "Glucose-day-3": 176.84676,
   "Min": 108.90576,
   "MAX": 176.84676,
   "SD": 27.99156198
 },
 {
   "Time": 1552039800000,
   "mmol1": 6.10582,
   "Glucose-day-1": 109.90476,
   "mmol2": 8.49264,
   "Glucose-day-2": 152.86752,
   "mmol3": 10.15787,
   "Glucose-day-3": 182.84166,
   "Min": 109.90476,
   "MAX": 182.84166,
   "SD": 29.93333184
 },
 {
   "Time": 1552040400000,
   "mmol1": 6.10582,
   "Glucose-day-1": 109.90476,
   "mmol2": 8.65917,
   "Glucose-day-2": 155.86506,
   "mmol3": 11.1015,
   "Glucose-day-3": 199.827,
   "Min": 109.90476,
   "MAX": 199.827,
   "SD": 36.71362235
 },
 {
   "Time": 1552041000000,
   "mmol1": 6.05032,
   "Glucose-day-1": 108.90576,
   "mmol2": 8.9367,
   "Glucose-day-2": 160.8606,
   "mmol3": 11.54556,
   "Glucose-day-3": 207.82008,
   "Min": 108.90576,
   "MAX": 207.82008,
   "SD": 40.39876354
 },
 {
   "Time": 1552041600000,
   "mmol1": 6.10582,
   "Glucose-day-1": 109.90476,
   "mmol2": 8.9367,
   "Glucose-day-2": 160.8606,
   "mmol3": 11.82309,
   "Glucose-day-3": 212.81562,
   "Min": 109.90476,
   "MAX": 212.81562,
   "SD": 42.01384274
 },
 {
   "Time": 1552042200000,
   "mmol1": 6.16133,
   "Glucose-day-1": 110.90394,
   "mmol2": 8.60366,
   "Glucose-day-2": 154.86588,
   "mmol3": 11.8786,
   "Glucose-day-3": 213.8148,
   "Min": 110.90394,
   "MAX": 213.8148,
   "SD": 42.16142582
 },
 {
   "Time": 1552042800000,
   "mmol1": 6.21684,
   "Glucose-day-1": 111.90312,
   "mmol2": 8.21511,
   "Glucose-day-2": 147.87198,
   "mmol3": 11.82309,
   "Glucose-day-3": 212.81562,
   "Min": 111.90312,
   "MAX": 212.81562,
   "SD": 41.75958695
 },
 {
   "Time": 1552043400000,
   "mmol1": 6.43887,
   "Glucose-day-1": 115.89966,
   "mmol2": 7.99308,
   "Glucose-day-2": 143.87544,
   "mmol3": 12.04512,
   "Glucose-day-3": 216.81216,
   "Min": 115.89966,
   "MAX": 216.81216,
   "SD": 42.53853423
 },
 {
   "Time": 1552044000000,
   "mmol1": 6.93843,
   "Glucose-day-1": 124.89174,
   "mmol2": 7.99308,
   "Glucose-day-2": 143.87544,
   "mmol3": 11.60106,
   "Glucose-day-3": 208.81908,
   "Min": 124.89174,
   "MAX": 208.81908,
   "SD": 35.93490356
 },
 {
   "Time": 1552044600000,
   "mmol1": 7.04945,
   "Glucose-day-1": 126.8901,
   "mmol2": 8.04858,
   "Glucose-day-2": 144.87444,
   "mmol3": 10.3799,
   "Glucose-day-3": 186.8382,
   "Min": 126.8901,
   "MAX": 186.8382,
   "SD": 25.11787396
 },
 {
   "Time": 1552045200000,
   "mmol1": 6.88293,
   "Glucose-day-1": 123.89274,
   "mmol2": 8.04858,
   "Glucose-day-2": 144.87444,
   "mmol3": 9.15873,
   "Glucose-day-3": 164.85714,
   "Min": 123.89274,
   "MAX": 164.85714,
   "SD": 16.72530386
 },
 {
   "Time": 1552045800000,
   "mmol1": 6.60539,
   "Glucose-day-1": 118.89702,
   "mmol2": 7.99308,
   "Glucose-day-2": 143.87544,
   "mmol3": 8.99221,
   "Glucose-day-3": 161.85978,
   "Min": 118.89702,
   "MAX": 161.85978,
   "SD": 17.61677451
 },
 {
   "Time": 1552046400000,
   "mmol1": 6.32785,
   "Glucose-day-1": 113.9013,
   "mmol2": 7.99308,
   "Glucose-day-2": 143.87544,
   "mmol3": 8.99221,
   "Glucose-day-3": 161.85978,
   "Min": 113.9013,
   "MAX": 161.85978,
   "SD": 19.78186981
 },
 {
   "Time": 1552047000000,
   "mmol1": 6.21684,
   "Glucose-day-1": 111.90312,
   "mmol2": 8.04858,
   "Glucose-day-2": 144.87444,
   "mmol3": 9.38076,
   "Glucose-day-3": 168.85368,
   "Min": 111.90312,
   "MAX": 168.85368,
   "SD": 23.34637297
 },
 {
   "Time": 1552047600000,
   "mmol1": 6.27235,
   "Glucose-day-1": 112.9023,
   "mmol2": 8.04858,
   "Glucose-day-2": 144.87444,
   "mmol3": 9.6583,
   "Glucose-day-3": 173.8494,
   "Min": 112.9023,
   "MAX": 173.8494,
   "SD": 24.89157609
 },
 {
   "Time": 1552048200000,
   "mmol1": 6.49438,
   "Glucose-day-1": 116.89884,
   "mmol2": 7.82655,
   "Glucose-day-2": 140.8779,
   "mmol3": 9.6583,
   "Glucose-day-3": 173.8494,
   "Min": 116.89884,
   "MAX": 173.8494,
   "SD": 23.34638067
 },
 {
   "Time": 1552048800000,
   "mmol1": 6.6609,
   "Glucose-day-1": 119.8962,
   "mmol2": 6.99394,
   "Glucose-day-2": 125.89092,
   "mmol3": 9.60279,
   "Glucose-day-3": 172.85022,
   "Min": 119.8962,
   "MAX": 172.85022,
   "SD": 23.67661941
 },
 {
   "Time": 1552049400000,
   "mmol1": 6.71641,
   "Glucose-day-1": 120.89538,
   "mmol2": 6.43887,
   "Glucose-day-2": 115.89966,
   "mmol3": 9.43627,
   "Glucose-day-3": 169.85286,
   "Min": 115.89966,
   "MAX": 169.85286,
   "SD": 24.34187032
 },
 {
   "Time": 1552050000000,
   "mmol1": 6.93843,
   "Glucose-day-1": 124.89174,
   "mmol2": 5.77278,
   "Glucose-day-2": 103.91004,
   "mmol3": 8.99221,
   "Glucose-day-3": 161.85978,
   "Min": 103.91004,
   "MAX": 161.85978,
   "SD": 23.9560711
 },
 {
   "Time": 1552050600000,
   "mmol1": 7.88206,
   "Glucose-day-1": 141.87708,
   "mmol2": 4.77364,
   "Glucose-day-2": 85.92552,
   "mmol3": 7.60452,
   "Glucose-day-3": 136.88136,
   "Min": 85.92552,
   "MAX": 141.87708,
   "SD": 25.2807171
 },
 {
   "Time": 1552051200000,
   "mmol1": 8.27061,
   "Glucose-day-1": 148.87098,
   "mmol2": 4.71814,
   "Glucose-day-2": 84.92652,
   "mmol3": 7.32699,
   "Glucose-day-3": 131.88582,
   "Min": 84.92652,
   "MAX": 148.87098,
   "SD": 27.04433702
 },
 {
   "Time": 1552051800000,
   "mmol1": 8.82569,
   "Glucose-day-1": 158.86242,
   "mmol2": 4.77364,
   "Glucose-day-2": 85.92552,
   "mmol3": 7.438,
   "Glucose-day-3": 133.884,
   "Min": 85.92552,
   "MAX": 158.86242,
   "SD": 30.26499381
 },
 {
   "Time": 1552052400000,
   "mmol1": 9.43627,
   "Glucose-day-1": 169.85286,
   "mmol2": 5.1622,
   "Glucose-day-2": 92.9196,
   "mmol3": 7.82655,
   "Glucose-day-3": 140.8779,
   "Min": 92.9196,
   "MAX": 169.85286,
   "SD": 31.72498724
 },
 {
   "Time": 1552053000000,
   "mmol1": 10.32439,
   "Glucose-day-1": 185.83902,
   "mmol2": 5.60626,
   "Glucose-day-2": 100.91268,
   "mmol3": 8.32612,
   "Glucose-day-3": 149.87016,
   "Min": 100.91268,
   "MAX": 185.83902,
   "SD": 34.80593334
 },
 {
   "Time": 1552053600000,
   "mmol1": 10.71294,
   "Glucose-day-1": 192.83292,
   "mmol2": 5.99481,
   "Glucose-day-2": 107.90658,
   "mmol3": 8.65917,
   "Glucose-day-3": 155.86506,
   "Min": 107.90658,
   "MAX": 192.83292,
   "SD": 34.76767608
 },
 {
   "Time": 1552054200000,
   "mmol1": 11.04599,
   "Glucose-day-1": 198.82782,
   "mmol2": 6.43887,
   "Glucose-day-2": 115.89966,
   "mmol3": 8.82569,
   "Glucose-day-3": 158.86242,
   "Min": 115.89966,
   "MAX": 198.82782,
   "SD": 33.86265013
 },
 {
   "Time": 1552054800000,
   "mmol1": 11.21251,
   "Glucose-day-1": 201.82518,
   "mmol2": 6.71641,
   "Glucose-day-2": 120.89538,
   "mmol3": 8.65917,
   "Glucose-day-3": 155.86506,
   "Min": 120.89538,
   "MAX": 201.82518,
   "SD": 33.14085038
 },
 {
   "Time": 1552055400000,
   "mmol1": 11.157,
   "Glucose-day-1": 200.826,
   "mmol2": 7.10496,
   "Glucose-day-2": 127.88928,
   "mmol3": 8.21511,
   "Glucose-day-3": 147.87198,
   "Min": 127.88928,
   "MAX": 200.826,
   "SD": 30.77372916
 },
 {
   "Time": 1552056000000,
   "mmol1": 11.04599,
   "Glucose-day-1": 198.82782,
   "mmol2": 7.438,
   "Glucose-day-2": 133.884,
   "mmol3": 7.10496,
   "Glucose-day-3": 127.88928,
   "Min": 127.88928,
   "MAX": 198.82782,
   "SD": 32.12114721
 },
 {
   "Time": 1552056600000,
   "mmol1": 10.82396,
   "Glucose-day-1": 194.83128,
   "mmol2": 7.77105,
   "Glucose-day-2": 139.8789,
   "mmol3": 6.32785,
   "Glucose-day-3": 113.9013,
   "Min": 113.9013,
   "MAX": 194.83128,
   "SD": 33.73797964
 },
 {
   "Time": 1552057200000,
   "mmol1": 10.49091,
   "Glucose-day-1": 188.83638,
   "mmol2": 7.93757,
   "Glucose-day-2": 142.87626,
   "mmol3": 5.77278,
   "Glucose-day-3": 103.91004,
   "Min": 103.91004,
   "MAX": 188.83638,
   "SD": 34.71020048
 },
 {
   "Time": 1552057800000,
   "mmol1": 9.71381,
   "Glucose-day-1": 174.84858,
   "mmol2": 7.66003,
   "Glucose-day-2": 137.88054,
   "mmol3": 5.10669,
   "Glucose-day-3": 91.92042,
   "Min": 91.92042,
   "MAX": 174.84858,
   "SD": 33.92155711
 },
 {
   "Time": 1552058400000,
   "mmol1": 9.04772,
   "Glucose-day-1": 162.85896,
   "mmol2": 7.38249,
   "Glucose-day-2": 132.88482,
   "mmol3": 4.49611,
   "Glucose-day-3": 80.92998,
   "Min": 80.92998,
   "MAX": 162.85896,
   "SD": 33.84624094
 },
 {
   "Time": 1552059000000,
   "mmol1": 8.1596,
   "Glucose-day-1": 146.8728,
   "mmol2": 7.04945,
   "Glucose-day-2": 126.8901,
   "mmol3": 3.99654,
   "Glucose-day-3": 71.93772,
   "Min": 71.93772,
   "MAX": 146.8728,
   "SD": 31.68304591
 },
 {
   "Time": 1552059600000,
   "mmol1": 7.82655,
   "Glucose-day-1": 140.8779,
   "mmol2": 6.43887,
   "Glucose-day-2": 115.89966,
   "mmol3": 3.66349,
   "Glucose-day-3": 65.94282,
   "Min": 65.94282,
   "MAX": 140.8779,
   "SD": 31.15349909
 },
 {
   "Time": 1552060200000,
   "mmol1": 7.82655,
   "Glucose-day-1": 140.8779,
   "mmol2": 5.82829,
   "Glucose-day-2": 104.90922,
   "mmol3": 3.88552,
   "Glucose-day-3": 69.93936,
   "Min": 69.93936,
   "MAX": 140.8779,
   "SD": 28.96149456
 },
 {
   "Time": 1552060800000,
   "mmol1": 7.99308,
   "Glucose-day-1": 143.87544,
   "mmol2": 5.77278,
   "Glucose-day-2": 103.91004,
   "mmol3": 4.32958,
   "Glucose-day-3": 77.93244,
   "Min": 77.93244,
   "MAX": 143.87544,
   "SD": 27.12225029
 },
 {
   "Time": 1552061400000,
   "mmol1": 8.43714,
   "Glucose-day-1": 151.86852,
   "mmol2": 5.88379,
   "Glucose-day-2": 105.90822,
   "mmol3": 4.71814,
   "Glucose-day-3": 84.92652,
   "Min": 84.92652,
   "MAX": 151.86852,
   "SD": 27.95594207
 },
 {
   "Time": 1552062000000,
   "mmol1": 8.71467,
   "Glucose-day-1": 156.86406,
   "mmol2": 5.99481,
   "Glucose-day-2": 107.90658,
   "mmol3": 4.88466,
   "Glucose-day-3": 87.92388,
   "Min": 87.92388,
   "MAX": 156.86406,
   "SD": 28.96145248
 },
 {
   "Time": 1552062600000,
   "mmol1": 9.10323,
   "Glucose-day-1": 163.85814,
   "mmol2": 6.16133,
   "Glucose-day-2": 110.90394,
   "mmol3": 5.10669,
   "Glucose-day-3": 91.92042,
   "Min": 91.92042,
   "MAX": 163.85814,
   "SD": 30.44039146
 },
 {
   "Time": 1552063200000,
   "mmol1": 8.99221,
   "Glucose-day-1": 161.85978,
   "mmol2": 6.38336,
   "Glucose-day-2": 114.90048,
   "mmol3": 5.1622,
   "Glucose-day-3": 92.9196,
   "Min": 92.9196,
   "MAX": 161.85978,
   "SD": 28.75390478
 },
 {
   "Time": 1552063800000,
   "mmol1": 8.60366,
   "Glucose-day-1": 154.86588,
   "mmol2": 7.04945,
   "Glucose-day-2": 126.8901,
   "mmol3": 5.2177,
   "Glucose-day-3": 93.9186,
   "Min": 93.9186,
   "MAX": 154.86588,
   "SD": 24.90946946
 },
 {
   "Time": 1552064400000,
   "mmol1": 7.88206,
   "Glucose-day-1": 141.87708,
   "mmol2": 7.66003,
   "Glucose-day-2": 137.88054,
   "mmol3": 5.27321,
   "Glucose-day-3": 94.91778,
   "Min": 94.91778,
   "MAX": 141.87708,
   "SD": 21.25753967
 },
 {
   "Time": 1552065000000,
   "mmol1": 6.99394,
   "Glucose-day-1": 125.89092,
   "mmol2": 8.10409,
   "Glucose-day-2": 145.87362,
   "mmol3": 5.32872,
   "Glucose-day-3": 95.91696,
   "Min": 95.91696,
   "MAX": 145.87362,
   "SD": 20.53023368
 },
 {
   "Time": 1552065600000,
   "mmol1": 6.21684,
   "Glucose-day-1": 111.90312,
   "mmol2": 8.32612,
   "Glucose-day-2": 149.87016,
   "mmol3": 5.66176,
   "Glucose-day-3": 101.91168,
   "Min": 101.91168,
   "MAX": 149.87016,
   "SD": 20.65951705
 },
 {
   "Time": 1552066200000,
   "mmol1": 5.71727,
   "Glucose-day-1": 102.91086,
   "mmol2": 8.21511,
   "Glucose-day-2": 147.87198,
   "mmol3": 6.38336,
   "Glucose-day-3": 114.90048,
   "Min": 102.91086,
   "MAX": 147.87198,
   "SD": 19.00986034
 },
 {
   "Time": 1552066800000,
   "mmol1": 5.88379,
   "Glucose-day-1": 105.90822,
   "mmol2": 8.04858,
   "Glucose-day-2": 144.87444,
   "mmol3": 7.10496,
   "Glucose-day-3": 127.88928,
   "Min": 105.90822,
   "MAX": 144.87444,
   "SD": 15.95141568
 },
 {
   "Time": 1552067400000,
   "mmol1": 6.32785,
   "Glucose-day-1": 113.9013,
   "mmol2": 7.88206,
   "Glucose-day-2": 141.87708,
   "mmol3": 6.93843,
   "Glucose-day-3": 124.89174,
   "Min": 113.9013,
   "MAX": 141.87708,
   "SD": 11.50814114
 },
 {
   "Time": 1552068000000,
   "mmol1": 7.10496,
   "Glucose-day-1": 127.88928,
   "mmol2": 7.82655,
   "Glucose-day-2": 140.8779,
   "mmol3": 6.49438,
   "Glucose-day-3": 116.89884,
   "Min": 116.89884,
   "MAX": 140.8779,
   "SD": 9.800733189
 },
 {
   "Time": 1552068600000,
   "mmol1": 7.88206,
   "Glucose-day-1": 141.87708,
   "mmol2": 7.88206,
   "Glucose-day-2": 141.87708,
   "mmol3": 6.21684,
   "Glucose-day-3": 111.90312,
   "Min": 111.90312,
   "MAX": 141.87708,
   "SD": 14.12986025
 },
 {
   "Time": 1552069200000,
   "mmol1": 8.32612,
   "Glucose-day-1": 149.87016,
   "mmol2": 7.99308,
   "Glucose-day-2": 143.87544,
   "mmol3": 6.10582,
   "Glucose-day-3": 109.90476,
   "Min": 109.90476,
   "MAX": 149.87016,
   "SD": 17.59790696
 },
 {
   "Time": 1552069800000,
   "mmol1": 8.71467,
   "Glucose-day-1": 156.86406,
   "mmol2": 8.04858,
   "Glucose-day-2": 144.87444,
   "mmol3": 6.16133,
   "Glucose-day-3": 110.90394,
   "Min": 110.90394,
   "MAX": 156.86406,
   "SD": 19.46529244
 },
 {
   "Time": 1552070400000,
   "mmol1": 8.9367,
   "Glucose-day-1": 160.8606,
   "mmol2": 8.04858,
   "Glucose-day-2": 144.87444,
   "mmol3": 6.38336,
   "Glucose-day-3": 114.90048,
   "Min": 114.90048,
   "MAX": 160.8606,
   "SD": 19.05059993
 },
 {
   "Time": 1552071000000,
   "mmol1": 8.99221,
   "Glucose-day-1": 161.85978,
   "mmol2": 7.93757,
   "Glucose-day-2": 142.87626,
   "mmol3": 6.60539,
   "Glucose-day-3": 118.89702,
   "Min": 118.89702,
   "MAX": 161.85978,
   "SD": 17.57895437
 },
 {
   "Time": 1552071600000,
   "mmol1": 8.8812,
   "Glucose-day-1": 159.8616,
   "mmol2": 7.77105,
   "Glucose-day-2": 139.8789,
   "mmol3": 6.82742,
   "Glucose-day-3": 122.89356,
   "Min": 122.89356,
   "MAX": 159.8616,
   "SD": 15.10866586
 },
 {
   "Time": 1552072200000,
   "mmol1": 8.82569,
   "Glucose-day-1": 158.86242,
   "mmol2": 7.54902,
   "Glucose-day-2": 135.88236,
   "mmol3": 6.99394,
   "Glucose-day-3": 125.89092,
   "Min": 125.89092,
   "MAX": 158.86242,
   "SD": 13.80431431
 },
 {
   "Time": 1552072800000,
   "mmol1": 8.60366,
   "Glucose-day-1": 154.86588,
   "mmol2": 7.49351,
   "Glucose-day-2": 134.88318,
   "mmol3": 7.38249,
   "Glucose-day-3": 132.88482,
   "Min": 132.88482,
   "MAX": 154.86588,
   "SD": 9.924541639
 },
 {
   "Time": 1552073400000,
   "mmol1": 8.38163,
   "Glucose-day-1": 150.86934,
   "mmol2": 7.49351,
   "Glucose-day-2": 134.88318,
   "mmol3": 8.49264,
   "Glucose-day-3": 152.86752,
   "Min": 134.88318,
   "MAX": 152.86752,
   "SD": 8.048371264
 },
 {
   "Time": 1552074000000,
   "mmol1": 8.04858,
   "Glucose-day-1": 144.87444,
   "mmol2": 7.438,
   "Glucose-day-2": 133.884,
   "mmol3": 8.8812,
   "Glucose-day-3": 159.8616,
   "Min": 133.884,
   "MAX": 159.8616,
   "SD": 10.64706761
 },
 {
   "Time": 1552074600000,
   "mmol1": 7.54902,
   "Glucose-day-1": 135.88236,
   "mmol2": 7.38249,
   "Glucose-day-2": 132.88482,
   "mmol3": 9.10323,
   "Glucose-day-3": 163.85814,
   "Min": 132.88482,
   "MAX": 163.85814,
   "SD": 13.94822197
 },
 {
   "Time": 1552075200000,
   "mmol1": 6.88293,
   "Glucose-day-1": 123.89274,
   "mmol2": 7.21597,
   "Glucose-day-2": 129.88746,
   "mmol3": 9.43627,
   "Glucose-day-3": 169.85286,
   "Min": 123.89274,
   "MAX": 169.85286,
   "SD": 20.40017019
 },
 {
   "Time": 1552075800000,
   "mmol1": 6.49438,
   "Glucose-day-1": 116.89884,
   "mmol2": 7.10496,
   "Glucose-day-2": 127.88928,
   "mmol3": 9.71381,
   "Glucose-day-3": 174.84858,
   "Min": 116.89884,
   "MAX": 174.84858,
   "SD": 25.13107416
 },
 {
   "Time": 1552076400000,
   "mmol1": 6.05032,
   "Glucose-day-1": 108.90576,
   "mmol2": 6.93843,
   "Glucose-day-2": 124.89174,
   "mmol3": 9.93584,
   "Glucose-day-3": 178.84512,
   "Min": 108.90576,
   "MAX": 178.84512,
   "SD": 29.92218212
 },
 {
   "Time": 1552077000000,
   "mmol1": 5.60626,
   "Glucose-day-1": 100.91268,
   "mmol2": 6.88293,
   "Glucose-day-2": 123.89274,
   "mmol3": 9.99135,
   "Glucose-day-3": 179.8443,
   "Min": 100.91268,
   "MAX": 179.8443,
   "SD": 33.14758389
 },
 {
   "Time": 1552077600000,
   "mmol1": 5.05118,
   "Glucose-day-1": 90.92124,
   "mmol2": 6.82742,
   "Glucose-day-2": 122.89356,
   "mmol3": 10.26888,
   "Glucose-day-3": 184.83984,
   "Min": 90.92124,
   "MAX": 184.83984,
   "SD": 38.98756822
 },
 {
   "Time": 1552078200000,
   "mmol1": 5.1622,
   "Glucose-day-1": 92.9196,
   "mmol2": 6.6609,
   "Glucose-day-2": 119.8962,
   "mmol3": 10.26888,
   "Glucose-day-3": 184.83984,
   "Min": 92.9196,
   "MAX": 184.83984,
   "SD": 38.57855456
 },
 {
   "Time": 1552078800000,
   "mmol1": 5.38423,
   "Glucose-day-1": 96.91614,
   "mmol2": 6.54988,
   "Glucose-day-2": 117.89784,
   "mmol3": 10.04685,
   "Glucose-day-3": 180.8433,
   "Min": 96.91614,
   "MAX": 180.8433,
   "SD": 35.66219731
 },
 {
   "Time": 1552079400000,
   "mmol1": 5.9393,
   "Glucose-day-1": 106.9074,
   "mmol2": 6.49438,
   "Glucose-day-2": 116.89884,
   "mmol3": 10.04685,
   "Glucose-day-3": 180.8433,
   "Min": 106.9074,
   "MAX": 180.8433,
   "SD": 32.75369385
 },
 {
   "Time": 1552080000000,
   "mmol1": 6.60539,
   "Glucose-day-1": 118.89702,
   "mmol2": 6.32785,
   "Glucose-day-2": 113.9013,
   "mmol3": 10.32439,
   "Glucose-day-3": 185.83902,
   "Min": 113.9013,
   "MAX": 185.83902,
   "SD": 32.79773729
 },
 {
   "Time": 1552080600000,
   "mmol1": 7.54902,
   "Glucose-day-1": 135.88236,
   "mmol2": 6.21684,
   "Glucose-day-2": 111.90312,
   "mmol3": 10.82396,
   "Glucose-day-3": 194.83128,
   "Min": 111.90312,
   "MAX": 194.83128,
   "SD": 34.84419104
 },
 {
   "Time": 1552081200000,
   "mmol1": 8.27061,
   "Glucose-day-1": 148.87098,
   "mmol2": 6.05032,
   "Glucose-day-2": 108.90576,
   "mmol3": 11.157,
   "Glucose-day-3": 200.826,
   "Min": 108.90576,
   "MAX": 200.826,
   "SD": 37.63254123
 },
 {
   "Time": 1552081800000,
   "mmol1": 8.49264,
   "Glucose-day-1": 152.86752,
   "mmol2": 5.77278,
   "Glucose-day-2": 103.91004,
   "mmol3": 10.93497,
   "Glucose-day-3": 196.82946,
   "Min": 103.91004,
   "MAX": 196.82946,
   "SD": 37.95246388
 },
 {
   "Time": 1552082400000,
   "mmol1": 8.99221,
   "Glucose-day-1": 161.85978,
   "mmol2": 5.60626,
   "Glucose-day-2": 100.91268,
   "mmol3": 10.76845,
   "Glucose-day-3": 193.8321,
   "Min": 100.91268,
   "MAX": 193.8321,
   "SD": 38.54405396
 },
 {
   "Time": 1552083000000,
   "mmol1": 9.49178,
   "Glucose-day-1": 170.85204,
   "mmol2": 5.66176,
   "Glucose-day-2": 101.91168,
   "mmol3": 10.87947,
   "Glucose-day-3": 195.83046,
   "Min": 101.91168,
   "MAX": 195.83046,
   "SD": 39.71765902
 },
 {
   "Time": 1552083600000,
   "mmol1": 10.10236,
   "Glucose-day-1": 181.84248,
   "mmol2": 5.9393,
   "Glucose-day-2": 106.9074,
   "mmol3": 11.1015,
   "Glucose-day-3": 199.827,
   "Min": 106.9074,
   "MAX": 199.827,
   "SD": 40.23923077
 },
 {
   "Time": 1552084200000,
   "mmol1": 10.87947,
   "Glucose-day-1": 195.83046,
   "mmol2": 6.05032,
   "Glucose-day-2": 108.90576,
   "mmol3": 11.157,
   "Glucose-day-3": 200.826,
   "Min": 108.90576,
   "MAX": 200.826,
   "SD": 42.20346143
 },
 {
   "Time": 1552084800000,
   "mmol1": 11.60106,
   "Glucose-day-1": 208.81908,
   "mmol2": 6.10582,
   "Glucose-day-2": 109.90476,
   "mmol3": 11.157,
   "Glucose-day-3": 200.826,
   "Min": 109.90476,
   "MAX": 208.81908,
   "SD": 44.86350151
 },
 {
   "Time": 1552085400000,
   "mmol1": 12.32266,
   "Glucose-day-1": 221.80788,
   "mmol2": 6.16133,
   "Glucose-day-2": 110.90394,
   "mmol3": 10.93497,
   "Glucose-day-3": 196.82946,
   "Min": 110.90394,
   "MAX": 221.80788,
   "SD": 47.50064369
 },
 {
   "Time": 1552086000000,
   "mmol1": 12.93324,
   "Glucose-day-1": 232.79832,
   "mmol2": 6.21684,
   "Glucose-day-2": 111.90312,
   "mmol3": 10.82396,
   "Glucose-day-3": 194.83128,
   "Min": 111.90312,
   "MAX": 232.79832,
   "SD": 50.48016688
 },
 {
   "Time": 1552086600000,
   "mmol1": 13.21078,
   "Glucose-day-1": 237.79404,
   "mmol2": 6.38336,
   "Glucose-day-2": 114.90048,
   "mmol3": 10.99048,
   "Glucose-day-3": 197.82864,
   "Min": 114.90048,
   "MAX": 237.79404,
   "SD": 51.18283133
 },
 {
   "Time": 1552087200000,
   "mmol1": 13.65484,
   "Glucose-day-1": 245.78712,
   "mmol2": 6.71641,
   "Glucose-day-2": 120.89538,
   "mmol3": 11.43454,
   "Glucose-day-3": 205.82172,
   "Min": 120.89538,
   "MAX": 245.78712,
   "SD": 52.07650691
 },
 {
   "Time": 1552087800000,
   "mmol1": 14.04339,
   "Glucose-day-1": 252.78102,
   "mmol2": 7.04945,
   "Glucose-day-2": 126.8901,
   "mmol3": 11.98962,
   "Glucose-day-3": 215.81316,
   "Min": 126.8901,
   "MAX": 252.78102,
   "SD": 52.83355101
 },
 {
   "Time": 1552088400000,
   "mmol1": 14.20991,
   "Glucose-day-1": 255.77838,
   "mmol2": 7.32699,
   "Glucose-day-2": 131.88582,
   "mmol3": 12.26715,
   "Glucose-day-3": 220.8087,
   "Min": 131.88582,
   "MAX": 255.77838,
   "SD": 52.15311169
 },
 {
   "Time": 1552089000000,
   "mmol1": 14.20991,
   "Glucose-day-1": 255.77838,
   "mmol2": 7.49351,
   "Glucose-day-2": 134.88318,
   "mmol3": 12.04512,
   "Glucose-day-3": 216.81216,
   "Min": 134.88318,
   "MAX": 255.77838,
   "SD": 50.38338951
 }


]
}